C,a,n,c,e,r
C,a,n,c,e,r
C,a,n,c,e,r
C,a,n,c,e,r
C,a,n,c,e,r
C,a,n,c,e,r
C,a,n,c,e,r
C,a,n,c,e,r
C,a,n,c,e,r
C,a,n,c,e,r
C,a,n,c,e,r
C,a,n,c,e,r
C,a,n,c,e,r
C,a,n,c,e,r
C,a,n,c,e,r
C,a,n,c,e,r
C,a,n,c,e,r
C,a,n,c,e,r
C,a,n,c,e,r
C,a,n,c,e,r
C,a,n,c,e,r
C,a,n,c,e,r
C,a,n,c,e,r
C,a,n,c,e,r
C,a,n,c,e,r
C,a,n,c,e,r
C,a,n,c,e,r
C,a,n,c,e,r
C,a,n,c,e,r
C,a,n,c,e,r
C,a,n,c,e,r
C,a,n,c,e,r
C,a,n,c,e,r
C,a,n,c,e,r
C,a,n,c,e,r
C,a,n,c,e,r
C,a,n,c,e,r
C,a,n,c,e,r
C,a,n,c,e,r
C,a,n,c,e,r
C,a,n,c,e,r
C,a,n,c,e,r
C,a,n,c,e,r
C,a,n,c,e,r
C,a,n,c,e,r
C,a,n,c,e,r
C,a,n,c,e,r
C,a,n,c,e,r
C,a,n,c,e,r
C,a,n,c,e,r
C,a,n,c,e,r
C,a,n,c,e,r
C,a,n,c,e,r
C,a,n,c,e,r
C,a,n,c,e,r
C,a,n,c,e,r
C,a,n,c,e,r
C,a,n,c,e,r
C,a,n,c,e,r
C,a,n,c,e,r
C,a,n,c,e,r
C,a,n,c,e,r
C,a,n,c,e,r
C,a,n,c,e,r
C,a,n,c,e,r
C,a,n,c,e,r
C,a,n,c,e,r
C,a,n,c,e,r
C,a,n,c,e,r
C,a,n,c,e,r
C,a,n,c,e,r
C,a,n,c,e,r
C,a,n,c,e,r
C,a,n,c,e,r
C,a,n,c,e,r
C,a,n,c,e,r
C,a,n,c,e,r
C,a,n,c,e,r
C,a,n,c,e,r
C,a,n,c,e,r
C,a,n,c,e,r
C,a,n,c,e,r
C,a,n,c,e,r
C,a,n,c,e,r
C,a,n,c,e,r
C,a,n,c,e,r
C,a,n,c,e,r
C,a,n,c,e,r
C,a,n,c,e,r
C,a,n,c,e,r
C,a,n,c,e,r
C,a,n,c,e,r
C,a,n,c,e,r
C,a,n,c,e,r
C,a,n,c,e,r
C,a,n,c,e,r
C,a,n,c,e,r
C,a,n,c,e,r
C,a,n,c,e,r
C,a,n,c,e,r
C,a,n,c,e,r
C,a,n,c,e,r
C,a,n,c,e,r
C,a,n,c,e,r
C,a,n,c,e,r
C,a,n,c,e,r
C,a,n,c,e,r
C,a,n,c,e,r
C,a,n,c,e,r
C,a,n,c,e,r
C,a,n,c,e,r
C,a,n,c,e,r
C,a,n,c,e,r
C,a,n,c,e,r
C,a,n,c,e,r
C,a,n,c,e,r
C,a,n,c,e,r
C,a,n,c,e,r
C,a,n,c,e,r
C,a,n,c,e,r
C,a,n,c,e,r
N,o,r,m,a,l
N,o,r,m,a,l
N,o,r,m,a,l
N,o,r,m,a,l
N,o,r,m,a,l
N,o,r,m,a,l
N,o,r,m,a,l
N,o,r,m,a,l
N,o,r,m,a,l
N,o,r,m,a,l
N,o,r,m,a,l
N,o,r,m,a,l
N,o,r,m,a,l
N,o,r,m,a,l
N,o,r,m,a,l
N,o,r,m,a,l
N,o,r,m,a,l
N,o,r,m,a,l
N,o,r,m,a,l
N,o,r,m,a,l
N,o,r,m,a,l
N,o,r,m,a,l
N,o,r,m,a,l
N,o,r,m,a,l
N,o,r,m,a,l
N,o,r,m,a,l
N,o,r,m,a,l
N,o,r,m,a,l
N,o,r,m,a,l
N,o,r,m,a,l
N,o,r,m,a,l
N,o,r,m,a,l
N,o,r,m,a,l
N,o,r,m,a,l
N,o,r,m,a,l
N,o,r,m,a,l
N,o,r,m,a,l
N,o,r,m,a,l
N,o,r,m,a,l
N,o,r,m,a,l
N,o,r,m,a,l
N,o,r,m,a,l
N,o,r,m,a,l
N,o,r,m,a,l
N,o,r,m,a,l
N,o,r,m,a,l
N,o,r,m,a,l
N,o,r,m,a,l
N,o,r,m,a,l
N,o,r,m,a,l
N,o,r,m,a,l
N,o,r,m,a,l
N,o,r,m,a,l
N,o,r,m,a,l
N,o,r,m,a,l
N,o,r,m,a,l
N,o,r,m,a,l
N,o,r,m,a,l
N,o,r,m,a,l
N,o,r,m,a,l
N,o,r,m,a,l
N,o,r,m,a,l
N,o,r,m,a,l
N,o,r,m,a,l
N,o,r,m,a,l
N,o,r,m,a,l
N,o,r,m,a,l
N,o,r,m,a,l
N,o,r,m,a,l
N,o,r,m,a,l
N,o,r,m,a,l
N,o,r,m,a,l
N,o,r,m,a,l
N,o,r,m,a,l
N,o,r,m,a,l
N,o,r,m,a,l
N,o,r,m,a,l
N,o,r,m,a,l
N,o,r,m,a,l
N,o,r,m,a,l
N,o,r,m,a,l
N,o,r,m,a,l
N,o,r,m,a,l
N,o,r,m,a,l
N,o,r,m,a,l
N,o,r,m,a,l
N,o,r,m,a,l
N,o,r,m,a,l
N,o,r,m,a,l
N,o,r,m,a,l
N,o,r,m,a,l
N,o,r,m,a,l
N,o,r,m,a,l
N,o,r,m,a,l
N,o,r,m,a,l
